method,avg_flips,std_flips,p_any_change,avg_expected_flips,std_expected_flips
Hamilton,0.4875,0.49984372557830514,0.4875,,
Jefferson,1.3635,0.7045337110458235,0.914,,
Webster,0.322,0.48095322017842856,0.3155,,
HuntingtonHill,0.653,0.5085184362439576,0.637,,
Rand_systematic_intrinsic_vsHH,16.7445,1.6793509907103994,1.0,,
Rand_systematic_noise_on_mean,,,1.0,1.1488475000000007,0.24464113358908027
