method,avg_flips,std_flips,p_any_change,avg_expected_flips,std_expected_flips
Hamilton,0.5005,0.4999997499999375,0.5005,,
Jefferson,1.318,0.7070190945087693,0.9035,,
Webster,0.33,0.49000000000000005,0.3205,,
HuntingtonHill,0.6595,0.504539146152209,0.6445,,
Rand_systematic_intrinsic_vsHH,16.6945,1.6190027022831062,1.0,,
Rand_systematic_noise_on_mean,,,1.0,0.8269325000000008,0.14847728090098503
Rand_sampford_intrinsic_vsHH,16.726,1.6884679446172497,1.0,,
Rand_sampford_noise_on_mean,,,1.0,1.1306750000000005,0.23227095034678827
